{"cameraMode":{"drawMode":0,"name":"Shaded","section":"Shading Mode"},"sceneLighting":true,"audioPlay":false,"sceneViewState":{"showFog":true,"showMaterialUpdate":false,"showSkybox":true,"showFlares":true,"showImageEffects":true,"showParticleSystems":true},"in2DMode":false,"pivot":{"x":-3.0810325145721437,"y":3.8540289402008058,"z":3.814274549484253},"rotation":{"x":0.195176899433136,"y":-0.6179473996162415,"z":0.16207371652126313,"w":0.7441633343696594},"size":11.944952964782715,"orthographic":true}