{"cameraMode":{"drawMode":0,"name":"Shaded","section":"Shading Mode"},"sceneLighting":false,"audioPlay":false,"sceneViewState":{"showFog":true,"showMaterialUpdate":false,"showSkybox":true,"showFlares":true,"showImageEffects":true,"showParticleSystems":true},"in2DMode":false,"pivot":{"x":12.201445579528809,"y":-1.989999771118164,"z":-45.41355895996094},"rotation":{"x":-0.00041268946370109916,"y":0.9904886484146118,"z":-0.13756176829338075,"w":-0.002971477573737502},"size":51.679500579833987,"orthographic":true}